accuracy,precision,recall,f1_score,auc
0.5222222222222223,0.7556818181818182,0.5222222222222223,0.3808990561510159,0.9138271604938273
