,Total number of patients,Alive,Deceased,Median survival time
0,109,68,41,57.92813229
3,350,199,151,53.9500937
2,14,8,6,56.94184173
1,36,22,14,42.37761778
