accuracy,precision,recall,f1_score,auc
0.85,0.8535353535353535,0.85,0.8496240601503761,0.9096296296296297
