accuracy,precision,recall,f1_score,auc
0.8722222222222222,0.8733746130030959,0.8722222222222222,0.8721235521235523,0.9369135802469136
